id;title;description;created
1;SQL Generic 동;../fake-data/blob/hipster.txt;2021-04-27T14:58:42
2;Frozen SAS;../fake-data/blob/hipster.txt;2021-04-27T16:42:09
3;Designer;../fake-data/blob/hipster.txt;2021-04-27T12:17:37
4;Pizza Card;../fake-data/blob/hipster.txt;2021-04-27T12:00:16
5;Central Concrete;../fake-data/blob/hipster.txt;2021-04-27T18:47:53
6;Intelligent;../fake-data/blob/hipster.txt;2021-04-27T11:24:46
7;Quality 면;../fake-data/blob/hipster.txt;2021-04-28T01:14:11
8;Fresh services;../fake-data/blob/hipster.txt;2021-04-27T11:15:18
9;Health;../fake-data/blob/hipster.txt;2021-04-27T16:58:51
10;Synchronised Latvia world-class;../fake-data/blob/hipster.txt;2021-04-28T06:45:24
