id;title;description;image;image_content_type;taken
1;ADP (Bouvetoya) Specialist;../fake-data/blob/hipster.txt;../fake-data/blob/hipster.png;image/png;2021-04-11T00:01:51
2;haptic Chief;../fake-data/blob/hipster.txt;../fake-data/blob/hipster.png;image/png;2021-04-11T06:58:12
3;Ergonomic Lebanon Metal;../fake-data/blob/hipster.txt;../fake-data/blob/hipster.png;image/png;2021-04-10T21:00:30
4;Security orchid;../fake-data/blob/hipster.txt;../fake-data/blob/hipster.png;image/png;2021-04-10T14:36:07
5;compress 인천 Tasty;../fake-data/blob/hipster.txt;../fake-data/blob/hipster.png;image/png;2021-04-10T20:08:41
6;alarm seize Research;../fake-data/blob/hipster.txt;../fake-data/blob/hipster.png;image/png;2021-04-11T07:39:08
7;Hat;../fake-data/blob/hipster.txt;../fake-data/blob/hipster.png;image/png;2021-04-11T07:51:58
8;Credit Human Berkshire;../fake-data/blob/hipster.txt;../fake-data/blob/hipster.png;image/png;2021-04-11T04:41:30
9;challenge vertical;../fake-data/blob/hipster.txt;../fake-data/blob/hipster.png;image/png;2021-04-10T14:50:29
10;algorithm;../fake-data/blob/hipster.txt;../fake-data/blob/hipster.png;image/png;2021-04-11T02:08:01
